unix,low,high,open,close,volume,date
1650585600,2933.13,3033.76,2983.72,2963.05,147896.5340014,2022-04-22
1650499200,2940.0,3179.74,3077.16,2983.94,173634.26729666,2022-04-21
1650412800,3032.72,3169.29,3102.44,3077.06,117310.39372033,2022-04-20
1650326400,3029.58,3132.47,3055.86,3102.26,117657.24244335,2022-04-19
1650240000,2880.0,3071.26,2988.09,3056.19,165766.83949602,2022-04-18
1650153600,2981.52,3082.96,3060.35,2988.4,67328.66942615,2022-04-17
1650067200,3010.67,3086.83,3040.41,3060.35,46446.22013313,2022-04-16
1649980800,2993.29,3058.99,3021.68,3040.19,75091.03161864,2022-04-15
1649894400,2976.0,3145.19,3119.01,3021.78,131077.99214911,2022-04-14
1649808000,2997.5,3129.92,3028.27,3119.0,135126.03200322,2022-04-13
1649721600,2950.35,3089.87,2979.32,3027.82,201291.80136702,2022-04-12
1649635200,2950.0,3214.88,3203.05,2979.55,238180.41734881,2022-04-11
1649548800,3189.92,3309.28,3259.45,3203.05,58700.63987676,2022-04-10
1649462400,3181.8,3269.74,3192.54,3258.99,48962.32688662,2022-04-09
1649376000,3173.48,3313.79,3227.26,3192.54,137312.60396565,2022-04-08
1649289600,3143.07,3269.56,3168.1,3227.56,157725.46332848,2022-04-07
1649203200,3161.64,3408.0,3406.99,3168.52,311364.33037265,2022-04-06
1649116800,3395.8,3555.48,3520.5,3407.0,166478.13322904,2022-04-05
1649030400,3405.79,3548.51,3522.51,3520.66,155953.23125025,2022-04-04
1648944000,3413.66,3581.6,3445.25,3522.78,100873.78414588,2022-04-03
1648857600,3433.31,3532.85,3456.25,3445.38,117055.44343232,2022-04-02
1648771200,3211.66,3482.42,3283.08,3456.48,213450.79609118,2022-04-01
1648684800,3260.99,3447.03,3386.69,3283.08,168597.71177893,2022-03-31
1648598400,3333.87,3448.62,3401.7,3386.68,135283.45551922,2022-03-30
1648512000,3331.23,3483.87,3334.19,3401.71,174573.96933975,2022-03-29
1648425600,3275.57,3437.24,3296.24,3334.47,237110.16743972,2022-03-28
1648339200,3127.74,3299.99,3146.33,3296.29,122475.83176341,2022-03-27
1648252800,3086.2,3154.47,3103.91,3146.22,69714.86952634,2022-03-26
1648166400,3076.18,3195.0,3112.95,3104.15,220943.39724511,2022-03-25
1648080000,3003.51,3130.41,3037.82,3112.52,248655.86785905,2022-03-24
1647993600,2920.64,3046.99,2970.51,3038.93,212170.39198444,2022-03-23
1647907200,2887.79,3053.98,2890.78,2970.51,192172.55035781,2022-03-22
1647820800,2832.97,2965.26,2862.44,2891.08,148907.41126764,2022-03-21
1647734400,2819.18,2965.94,2952.35,2862.44,103674.36633811,2022-03-20
1647648000,2895.37,2988.89,2939.18,2952.16,101087.67252083,2022-03-19
1647561600,2768.25,2987.0,2814.62,2939.17,226096.28101747,2022-03-18
1647475200,2747.77,2839.59,2775.16,2814.67,228315.81827779,2022-03-17
1647388800,2604.32,2789.58,2619.01,2774.89,211196.06612638,2022-03-16
1647302400,2508.05,2670.53,2590.12,2619.15,161601.50858275,2022-03-15
1647216000,2499.0,2609.56,2516.42,2590.23,133881.30167965,2022-03-14
1647129600,2492.98,2603.56,2569.09,2516.41,71303.49491982,2022-03-13
1647043200,2552.52,2617.83,2556.39,2569.3,56451.09317314,2022-03-12
1646956800,2523.28,2679.56,2608.46,2556.42,155353.98026641,2022-03-11
1646870400,2553.42,2734.33,2727.86,2608.22,181463.07885867,2022-03-10
1646784000,2567.98,2774.26,2577.11,2727.6,178230.29132363,2022-03-09
1646697600,2480.33,2626.16,2491.29,2576.72,192900.83723166,2022-03-08
1646611200,2445.0,2649.81,2550.46,2491.58,209566.73792961,2022-03-07
1646524800,2536.4,2677.0,2665.94,2550.77,81556.05091403,2022-03-06
1646438400,2589.93,2685.93,2623.08,2665.77,74795.81490054,2022-03-05
1646352000,2575.0,2835.95,2833.71,2623.07,264628.67091773,2022-03-04
1646265600,2785.01,2972.07,2948.58,2833.66,191801.94423344,2022-03-03
1646179200,2914.9,3045.0,2977.72,2948.56,231625.47605833,2022-03-02
1646092800,2855.29,3040.7,2922.87,2977.72,249644.25411598,2022-03-01
1646006400,2570.0,2960.25,2617.79,2923.08,273216.3610563,2022-02-28
1645920000,2558.48,2836.26,2780.76,2618.01,193491.83696032,2022-02-27
1645833600,2728.53,2880.0,2769.24,2780.71,118737.45939774,2022-02-26
1645747200,2572.23,2837.23,2597.39,2769.52,232940.26531533,2022-02-25
1645660800,2300.0,2750.0,2580.54,2597.42,495732.46045534,2022-02-24
1645574400,2576.69,2756.9,2638.2,2580.97,189232.9352146,2022-02-23
1645488000,2500.74,2667.28,2569.6,2637.98,241082.81650581,2022-02-22
1645401600,2559.77,2760.71,2622.47,2569.0,235808.75914421,2022-02-21
1645315200,2575.75,2765.24,2764.53,2622.47,165033.10298905,2022-02-20
1645228800,2696.39,2833.3,2780.05,2764.44,111215.14420451,2022-02-19
1645142400,2752.67,2945.98,2894.52,2780.08,197402.29756962,2022-02-18
1645056000,2853.0,3162.35,3124.44,2893.56,210090.91381776,2022-02-17
1644969600,3043.41,3190.0,3186.24,3124.45,148463.93058713,2022-02-16
1644883200,2911.87,3199.0,2931.17,3186.24,180355.80323661,2022-02-15
1644796800,2830.01,2966.53,2872.83,2931.01,176105.13710553,2022-02-14
1644710400,2836.47,2955.65,2919.86,2872.84,82968.08334438,2022-02-13
1644624000,2857.11,2987.62,2929.09,2919.99,113168.17322545,2022-02-12
1644537600,2879.34,3140.86,3074.84,2929.08,268537.66433701,2022-02-11
1644451200,3057.81,3284.75,3246.28,3074.85,221267.33665333,2022-02-10
1644364800,3057.16,3274.0,3119.91,3246.22,159305.14378693,2022-02-09
1644278400,3027.56,3234.67,3141.84,3119.57,215565.05621758,2022-02-08
1644192000,2995.22,3199.08,3058.21,3141.89,232464.2844524,2022-02-07
1644105600,2950.26,3076.25,3014.83,3058.22,80118.01843273,2022-02-06
1644019200,2957.98,3063.48,2997.63,3014.5,159547.93620619,2022-02-05
1643932800,2672.84,2999.0,2697.59,2998.19,275254.72885163,2022-02-04
1643846400,2572.66,2729.01,2683.09,2697.59,197429.85205996,2022-02-03
1643760000,2613.42,2814.1,2789.62,2682.66,256394.56721487,2022-02-02
1643673600,2675.99,2815.49,2689.87,2789.66,212782.90255881,2022-02-01
1643587200,2478.31,2708.98,2602.63,2689.72,193802.14585439,2022-01-31
1643500800,2542.66,2642.0,2603.39,2602.89,103353.36641229,2022-01-30
1643414400,2521.72,2640.0,2546.84,2603.74,138968.35714717,2022-01-29
1643328000,2358.63,2559.55,2425.01,2546.84,231189.51401633,2022-01-28
1643241600,2315.72,2521.96,2464.99,2425.82,272971.5127865,2022-01-27
1643155200,2400.0,2724.0,2460.4,2465.0,409131.34465566,2022-01-26
1643068800,2351.18,2509.87,2441.6,2460.68,268705.41724115,2022-01-25
1642982400,2159.0,2541.74,2541.19,2441.74,583901.18061678,2022-01-24
1642896000,2371.58,2551.3,2411.91,2541.19,248046.68461556,2022-01-23
1642809600,2301.6,2628.36,2568.12,2411.9,457765.04354891,2022-01-22
1642723200,2467.11,3034.7,3000.99,2569.01,603711.8291189,2022-01-21
1642636800,2986.0,3273.32,3084.49,3000.94,185761.37491937,2022-01-20
1642550400,3047.0,3176.81,3160.78,3085.27,159240.24960598,2022-01-19
1642464000,3083.68,3246.2,3211.08,3160.81,151969.48482665,2022-01-18
1642377600,3142.39,3360.07,3349.88,3210.98,128212.72032287,2022-01-17
1642291200,3275.0,3394.45,3327.81,3349.46,58643.37423357,2022-01-16
1642204800,3260.0,3373.56,3309.98,3328.12,58794.17252061,2022-01-15
1642118400,3188.34,3346.81,3241.6,3310.45,110175.14720879,2022-01-14
1642032000,3233.67,3413.36,3373.25,3241.88,130378.3015897,2022-01-13
1641945600,3206.72,3420.08,3240.83,3373.64,165432.46044549,2022-01-12
1641859200,3052.19,3265.98,3083.51,3240.83,158466.70742447,2022-01-11
1641772800,2928.69,3180.29,3151.65,3083.51,260769.14044553,2022-01-10
1641686400,3057.82,3212.46,3080.92,3151.66,131897.75381912,2022-01-09
1641600000,3000.0,3247.89,3198.96,3080.48,231676.12058726,2022-01-08
1641513600,3065.0,3415.52,3405.66,3198.82,376752.15627171,2022-01-07
1641427200,3300.0,3550.02,3539.0,3406.03,282771.63777278,2022-01-06
1641340800,3414.88,3848.2,3785.0,3539.0,240345.13859808,2022-01-05
1641254400,3714.22,3894.12,3766.01,3785.0,148752.52638971,2022-01-04
1641168000,3681.62,3851.66,3828.93,3766.04,106574.13357834,2022-01-03
1641081600,3718.2,3855.77,3765.98,3828.87,78466.35113548,2022-01-02
1640995200,3674.02,3777.82,3675.81,3765.72,98353.62552826,2022-01-01
1640908800,3619.78,3815.04,3710.01,3675.8,171634.96154996,2021-12-31
1640822400,3585.85,3769.99,3630.18,3710.02,155011.95096414,2021-12-30
1640736000,3603.0,3828.18,3793.66,3630.59,167709.4231065,2021-12-29
1640649600,3760.01,4038.68,4038.18,3793.67,203399.82203323,2021-12-28
1640563200,4027.56,4128.9,4066.14,4038.64,108344.57109844,2021-12-27
1640476800,4008.01,4106.5,4098.67,4065.91,66848.08372392,2021-12-26
1640390400,4021.31,4143.13,4049.81,4097.43,68854.05530395,2021-12-25
1640304000,4005.0,4138.71,4113.64,4049.65,109472.89747679,2021-12-24
1640217600,3895.7,4157.82,3980.82,4113.08,180980.07790929,2021-12-23
1640131200,3933.74,4075.0,4017.35,3981.12,110316.26044274,2021-12-22
1640044800,3908.13,4063.89,3946.59,4017.11,137991.50149241,2021-12-21
1639958400,3754.8,3984.08,3925.78,3946.16,172027.91571974,2021-12-20
1639872000,3886.03,4039.73,3961.93,3925.79,102078.81232557,2021-12-19
1639785600,3768.14,3999.0,3876.37,3961.92,113485.77521903,2021-12-18
1639699200,3699.0,3994.81,3957.12,3876.02,209823.26509135,2021-12-17
1639612800,3952.81,4116.39,4021.41,3957.28,174285.93324831,2021-12-16
1639526400,3643.43,4097.0,3860.72,4021.53,319094.24570016,2021-12-15
1639440000,3686.49,3884.08,3784.0,3860.74,197099.24204846,2021-12-14
1639353600,3660.0,4146.1,4132.91,3783.81,305712.33000025,2021-12-13
1639267200,3989.41,4186.16,4091.17,4132.92,108368.85746466,2021-12-12
1639180800,3835.0,4099.87,3899.97,4091.18,166327.13830459,2021-12-11
1639094400,3889.42,4232.38,4105.99,3900.91,273780.7217072,2021-12-10
1639008000,4076.15,4490.72,4440.94,4106.06,222048.28315781,2021-12-09
1638921600,4226.88,4456.36,4310.21,4440.51,186740.13696568,2021-12-08
1638835200,4260.0,4433.99,4354.09,4310.19,198306.85854675,2021-12-07
1638748800,3913.0,4380.8,4203.22,4354.22,349333.84787974,2021-12-06
1638662400,4038.13,4257.0,4123.13,4203.22,250275.13989584,2021-12-05
1638576000,3575.0,4240.0,4216.3,4123.13,512946.90714235,2021-12-04
1638489600,4035.0,4662.75,4514.54,4216.93,312836.25058642,2021-12-03
1638403200,4435.0,4637.39,4586.87,4514.59,171913.60834148,2021-12-02
1638316800,4526.94,4784.5,4636.43,4586.95,241301.695591,2021-12-01
1638230400,4350.91,4759.0,4449.42,4634.95,312105.05293146,2021-11-30
1638144000,4282.07,4466.0,4298.38,4449.42,170935.20731881,2021-11-29
1638057600,3950.0,4303.35,4098.53,4298.38,124752.71262005,2021-11-28
1637971200,4031.56,4186.97,4043.62,4098.31,93299.56271946,2021-11-27
1637884800,3915.0,4555.53,4527.03,4043.67,324817.57682312,2021-11-26
1637798400,4250.0,4555.11,4270.93,4525.87,132338.28173546,2021-11-25
1637712000,4168.99,4359.88,4341.58,4270.74,120268.67729032,2021-11-24
1637625600,4062.28,4389.95,4089.17,4341.62,159935.23797902,2021-11-23
1637539200,4024.45,4322.86,4263.04,4089.16,174572.98932477,2021-11-22
1637452800,4246.07,4427.72,4416.36,4262.99,83775.31676078,2021-11-21
1637366400,4206.03,4438.96,4299.55,4416.69,96882.12097892,2021-11-20
1637280000,3975.24,4314.82,3998.57,4299.55,191232.56135587,2021-11-19
1637193600,3960.0,4346.42,4289.4,3997.93,291477.64786245,2021-11-18
1637107200,4068.24,4300.01,4209.89,4289.4,197969.47328462,2021-11-17
1637020800,4108.0,4564.98,4564.34,4209.5,309826.45957038,2021-11-16
1636934400,4541.0,4770.0,4626.61,4565.06,121693.76091856,2021-11-15
1636848000,4516.05,4695.07,4644.43,4627.03,96933.07064437,2021-11-14
1636761600,4586.8,4708.6,4667.79,4644.44,76568.33646209,2021-11-13
1636675200,4508.42,4809.27,4721.07,4667.34,160383.45748095,2021-11-12
1636588800,4578.05,4783.05,4632.23,4721.87,112248.30258781,2021-11-11
1636502400,4460.0,4867.81,4731.58,4632.22,249949.62441734,2021-11-10
1636416000,4697.9,4842.54,4811.89,4731.59,154525.60456333,2021-11-09
1636329600,4616.5,4825.0,4617.27,4811.9,163884.29350308,2021-11-08
1636243200,4506.99,4639.8,4523.73,4617.02,85312.85613745,2021-11-07
1636156800,4329.21,4534.43,4479.47,4523.16,107961.55343832,2021-11-06
1636070400,4446.01,4574.0,4537.14,4479.47,142403.14739608,2021-11-05
1635984000,4423.01,4610.24,4606.07,4537.15,182872.96131449,2021-11-04
1635897600,4456.0,4671.0,4594.27,4606.07,213935.75674438,2021-11-03
1635811200,4287.32,4604.99,4322.89,4595.01,217839.79309642,2021-11-02
1635724800,4151.0,4385.16,4290.31,4322.89,165298.66872401,2021-11-01
1635638400,4168.1,4395.99,4325.55,4290.16,148206.08981334,2021-10-31
1635552000,4236.99,4435.0,4421.23,4324.67,123410.59442713,2021-10-30
1635465600,4266.91,4461.96,4288.25,4421.23,257148.94601167,2021-10-29
1635379200,3889.05,4299.0,3925.26,4288.26,257149.82955488,2021-10-28
1635292800,3911.0,4314.63,4132.19,3923.94,279555.38152718,2021-10-27
1635206400,4091.31,4297.0,4221.16,4131.47,169619.87486465,2021-10-26
1635120000,4069.22,4236.27,4082.09,4220.93,145753.84102089,2021-10-25
1635033600,3962.05,4188.42,4168.53,4082.64,126731.47064484,2021-10-24
1634947200,3935.92,4172.04,3971.89,4168.56,109253.57167984,2021-10-23
1634860800,3885.25,4169.72,4053.97,3971.55,187484.20093549,2021-10-22
1634774400,4010.22,4374.95,4161.83,4053.9,286201.83773073,2021-10-21
1634688000,3829.59,4169.0,3878.35,4161.94,235728.75520251,2021-10-20
1634601600,3700.0,3890.36,3745.13,3878.17,154012.15326702,2021-10-19
1634515200,3676.35,3894.7,3847.38,3745.48,187448.53280815,2021-10-18
1634428800,3643.0,3919.0,3829.7,3847.18,134515.91092357,2021-10-17
1634342400,3802.0,3968.49,3869.73,3829.66,130674.36831436,2021-10-16
1634256000,3734.44,3900.0,3791.06,3869.73,204682.20802319,2021-10-15
1634169600,3588.55,3828.84,3608.43,3791.66,216569.69208772,2021-10-14
1634083200,3412.45,3614.48,3490.17,3608.21,158955.26821205,2021-10-13
1633996800,3403.51,3549.0,3542.2,3490.61,176617.45185163,2021-10-12
1633910400,3373.45,3625.0,3414.75,3542.37,142525.70987846,2021-10-11
1633824000,3406.44,3605.49,3575.2,3415.0,112835.1020128,2021-10-10
1633737600,3538.61,3634.13,3563.96,3575.83,88782.58533301,2021-10-09
1633651200,3535.0,3670.0,3588.83,3563.96,146564.44707403,2021-10-08
1633564800,3471.52,3655.02,3576.45,3588.51,195554.94828114,2021-10-07
1633478400,3342.16,3632.44,3517.26,3575.85,219116.78797009,2021-10-06
1633392000,3365.34,3547.88,3386.9,3515.3,163084.66881477,2021-10-05
1633305600,3269.67,3438.91,3419.63,3387.2,163829.62677831,2021-10-04
1633219200,3343.36,3489.18,3388.67,3420.07,124271.04864619,2021-10-03
1633132800,3258.94,3469.95,3311.2,3387.82,144778.38450029,2021-10-02
1633046400,2967.41,3337.15,3001.14,3311.16,201035.51345113,2021-10-01
1632960000,2836.21,3048.58,2849.71,3000.46,169873.45079422,2021-09-30
1632873600,2781.99,2950.6,2805.64,2850.14,177979.48195163,2021-09-29
1632787200,2782.6,2971.16,2926.27,2805.65,186331.02775653,2021-09-28
1632700800,2925.0,3168.03,3059.92,2925.27,172472.29785812,2021-09-27
1632614400,2741.34,3117.48,2923.91,3060.71,168746.48142334,2021-09-26
1632528000,2800.01,2968.85,2930.59,2924.01,145561.52444175,2021-09-25
1632441600,2735.0,3160.48,3154.42,2930.61,365024.83204626,2021-09-24
1632355200,3035.83,3182.34,3078.42,3154.62,166485.49300907,2021-09-23
1632268800,2738.24,3090.83,2765.33,3078.43,271497.54590784,2021-09-22
1632182400,2651.0,3104.82,2976.36,2765.69,441567.8736938,2021-09-21
1632096000,2911.81,3346.58,3328.7,2976.48,434236.7826118,2021-09-20
1632009600,3278.0,3457.22,3436.59,3328.59,93362.31450909,2021-09-19
1631923200,3369.53,3543.0,3400.0,3436.31,129386.37129349,2021-09-18
1631836800,3350.06,3595.0,3568.77,3400.0,164813.94731616,2021-09-17
1631750400,3482.97,3675.92,3615.68,3568.66,193709.08937556,2021-09-16
1631664000,3359.96,3621.15,3436.29,3615.65,157550.50123984,2021-09-15
1631577600,3270.74,3439.15,3285.66,3436.29,152957.54148077,2021-09-14
1631491200,3111.14,3430.0,3403.81,3286.2,215497.91819641,2021-09-13
1631404800,3231.75,3472.99,3266.97,3403.75,133979.51978513,2021-09-12
1631318400,3199.88,3349.43,3209.29,3266.77,133373.86127026,2021-09-11
1631232000,3142.67,3514.37,3424.32,3209.82,271075.68986114,2021-09-10
1631145600,3393.17,3568.59,3499.54,3424.95,244244.24892658,2021-09-09
1631059200,3216.0,3562.98,3436.75,3500.34,352658.69072643,2021-09-08
1630972800,3009.0,3948.0,3928.72,3436.96,482489.77503547,2021-09-07
1630886400,3868.0,3973.27,3951.68,3928.89,111675.62991707,2021-09-06
1630800000,3835.7,3982.64,3887.58,3952.17,101339.56157838,2021-09-05
1630713600,3834.57,3970.0,3940.06,3887.53,130047.41569531,2021-09-04
1630627200,3710.59,4030.35,3788.2,3940.06,284766.1603865,2021-09-03
1630540800,3722.65,3838.28,3829.29,3787.97,206168.93909873,2021-09-02
1630454400,3384.24,3843.12,3430.0,3829.39,306568.70086335,2021-09-01
1630368000,3190.56,3486.8,3229.02,3430.23,320212.11999266,2021-08-31
1630281600,3145.45,3349.0,3226.45,3229.01,219625.56218696,2021-08-30
1630195200,3153.75,3287.73,3247.99,3226.46,89119.39624772,2021-08-29
1630108800,3212.01,3290.51,3275.32,3247.99,72183.42536015,2021-08-28
1630022400,3050.0,3283.26,3092.71,3274.67,168913.62309989,2021-08-27
1629936000,3056.0,3251.05,3228.51,3093.2,140286.63490594,2021-08-26
1629849600,3079.92,3249.0,3170.94,3228.51,138830.69124351,2021-08-25
1629763200,3133.45,3360.0,3322.76,3171.52,162665.07930976,2021-08-24
1629676800,3233.19,3378.6,3241.41,3323.12,170976.09020067,2021-08-23
1629590400,3128.82,3275.0,3226.38,3241.42,98417.87656735,2021-08-22
1629504000,3206.96,3311.0,3286.82,3226.73,108432.72740463,2021-08-21
1629417600,3178.65,3300.0,3184.32,3286.58,173202.49961989,2021-08-20
1629331200,2960.0,3187.48,3014.38,3184.21,161902.28879318,2021-08-19
1629244800,2951.0,3126.51,3011.77,3014.38,193245.63285215,2021-08-18
1629158400,2992.15,3293.15,3146.6,3011.01,246541.89921532,2021-08-17
1629072000,3135.0,3341.47,3311.02,3146.6,177756.89052157,2021-08-16
1628985600,3112.96,3323.54,3266.52,3310.93,162311.47927523,2021-08-15
1628899200,3206.96,3333.0,3324.51,3266.52,118892.50906903,2021-08-14
1628812800,3034.52,3330.0,3047.21,3324.51,190905.3520745,2021-08-13
1628726400,2980.0,3239.69,3162.16,3047.21,243214.90148817,2021-08-12
1628640000,3122.22,3275.0,3142.18,3162.61,194586.91786387,2021-08-11
1628553600,3051.0,3235.1,3162.33,3142.09,223500.03188943,2021-08-10
1628467200,2892.5,3190.0,3014.12,3162.34,315853.32665056,2021-08-09
1628380800,2948.76,3191.99,3163.09,3014.13,244654.45876056,2021-08-08
1628294400,2866.58,3173.72,2892.83,3163.09,299359.36243726,2021-08-07
1628208000,2721.0,2949.21,2829.49,2892.98,283374.42059615,2021-08-06
1628121600,2530.69,2845.0,2724.71,2829.35,326176.98753449,2021-08-05
1628035200,2455.94,2771.42,2508.16,2724.71,250129.62895073,2021-08-04
1627948800,2445.58,2633.0,2608.12,2508.31,237814.06443089,2021-08-03
1627862400,2503.7,2666.36,2555.99,2608.12,234264.49105555,2021-08-02
1627776000,2511.5,2699.0,2533.54,2555.43,260742.0604239,2021-08-01
1627689600,2422.31,2555.0,2463.88,2533.74,134549.11974341,2021-07-31
1627603200,2317.51,2474.82,2383.47,2463.9,222140.744211,2021-07-30
1627516800,2267.78,2399.99,2300.76,2383.32,172925.7166805,2021-07-29
1627430400,2245.1,2347.88,2300.28,2300.42,205833.21106135,2021-07-28
1627344000,2152.0,2321.0,2228.71,2300.59,253782.97390467,2021-07-27
1627257600,2172.99,2437.99,2192.38,2228.26,427763.06726806,2021-07-26
1627171200,2108.08,2197.05,2186.76,2193.03,129013.98912781,2021-07-25
1627084800,2107.13,2200.0,2125.82,2185.95,151102.52474975,2021-07-24
1626998400,1995.0,2131.51,2024.75,2125.81,177278.18951605,2021-07-23
1626912000,1948.68,2046.74,1996.21,2024.75,196355.49626351,2021-07-22
1626825600,1754.27,2033.16,1786.51,1996.18,263702.46075895,2021-07-21
1626739200,1718.41,1840.79,1818.45,1786.46,278984.79921803,2021-07-20
1626652800,1805.47,1918.65,1891.46,1818.44,191611.5191467,2021-07-19
1626566400,1878.67,1994.4,1899.75,1891.46,124679.10845278,2021-07-18
1626480000,1847.0,1919.0,1877.22,1899.75,113724.29716977,2021-07-17
1626393600,1850.15,1965.35,1918.99,1877.22,184221.68200937,2021-07-16
1626307200,1880.0,2039.99,1994.12,1918.07,229477.74435019,2021-07-15
1626220800,1865.5,2019.9,1940.34,1994.11,195351.53451543,2021-07-14
1626134400,1917.4,2047.72,2030.74,1940.76,217891.77262081,2021-07-13
1626048000,2002.0,2169.0,2141.45,2030.72,174561.37955667,2021-07-12
1625961600,2081.51,2173.37,2110.56,2140.82,89340.97126887,2021-07-11
1625875200,2075.0,2192.98,2147.38,2110.55,116594.48589325,2021-07-10
1625788800,2050.0,2189.28,2116.3,2147.38,190883.32617917,2021-07-09
1625702400,2084.0,2325.46,2317.64,2116.95,223830.00371273,2021-07-08
1625616000,2294.16,2411.19,2322.2,2316.82,159702.0440841,2021-07-07
1625529600,2195.02,2350.0,2197.34,2321.84,165693.46720418,2021-07-06
1625443200,2160.0,2324.44,2323.27,2197.34,156103.9362224,2021-07-05
1625356800,2190.56,2389.22,2227.46,2323.15,126325.73621254,2021-07-04
1625270400,2113.18,2239.69,2156.0,2226.95,98666.79185779,2021-07-03
1625184000,2017.07,2159.43,2107.75,2156.0,192127.19122379,2021-07-02
1625097600,2072.06,2277.44,2276.74,2107.01,240720.57482006,2021-07-01
1625011200,2089.16,2288.0,2165.64,2276.72,254873.14574192,2021-06-30
1624924800,2074.53,2247.03,2083.99,2166.18,215702.68781407,2021-06-29
1624838400,1957.24,2143.67,1984.84,2083.79,278261.98240028,2021-06-28
1624752000,1807.89,1988.62,1829.0,1984.71,177413.91064922,2021-06-27
1624665600,1717.41,1851.97,1809.07,1829.17,238207.16665611,2021-06-26
1624579200,1792.0,2019.39,1988.81,1809.07,370739.74744615,2021-06-25
1624492800,1884.77,2035.39,1968.36,1988.81,208623.5990145,2021-06-24
1624406400,1823.97,2045.0,1881.24,1968.37,287217.09052056,2021-06-23
1624320000,1700.0,1996.67,1885.49,1881.65,620163.37396399,2021-06-22
1624233600,1864.5,2259.1,2242.89,1885.67,598655.07269099,2021-06-21
1624147200,2042.5,2275.78,2165.13,2242.9,231871.91509491,2021-06-20
1624060800,2162.72,2279.0,2234.8,2164.72,162828.91242019,2021-06-19
1623974400,2125.12,2377.8,2373.33,2234.47,273328.22658507,2021-06-18
1623888000,2306.35,2459.53,2368.24,2373.33,153637.62400874,2021-06-17
1623801600,2351.01,2555.0,2543.57,2367.73,178257.28803783,2021-06-16
1623715200,2506.23,2640.0,2582.45,2543.58,168529.3479128,2021-06-15
1623628800,2461.63,2609.02,2510.22,2582.86,169626.35302782,2021-06-14
1623542400,2309.67,2550.0,2371.85,2510.23,172712.48563163,2021-06-13
1623456000,2257.07,2452.58,2355.11,2371.49,177293.96771257,2021-06-12
1623369600,2322.16,2499.34,2471.59,2355.27,189880.6813896,2021-06-11
1623283200,2428.16,2625.0,2611.4,2471.59,181679.49879048,2021-06-10
1623196800,2406.33,2628.16,2509.1,2611.27,291643.03769418,2021-06-09
1623110400,2306.52,2621.91,2592.47,2509.11,451505.06172677,2021-06-08
1623024000,2575.0,2849.15,2710.97,2592.47,267934.37140931,2021-06-07
1622937600,2615.0,2745.36,2629.45,2710.97,122420.16649011,2021-06-06
1622851200,2552.18,2816.92,2691.13,2629.75,228143.70836692,2021-06-05
1622764800,2554.39,2859.85,2856.73,2690.68,294466.9594428,2021-06-04
1622678400,2663.02,2890.0,2706.87,2856.68,254235.89167581,2021-06-03
1622592000,2552.28,2803.0,2634.46,2706.64,268753.93459884,2021-06-02
1622505600,2527.88,2748.0,2707.87,2634.42,341435.04494495,2021-06-01
1622419200,2275.22,2720.0,2387.65,2707.12,400639.23849696,2021-05-31
1622332800,2182.2,2480.69,2280.78,2387.66,388966.15183724,2021-05-30
1622246400,2207.74,2574.86,2413.28,2280.72,496783.55299687,2021-05-29
1622160000,2329.2,2762.91,2745.25,2413.81,657497.5191979,2021-05-28
1622073600,2639.32,2893.96,2889.43,2745.51,380707.48775302,2021-05-27
1621987200,2647.21,2913.68,2707.75,2889.84,532990.73904717,2021-05-26
1621900800,2383.39,2768.0,2651.57,2707.56,725633.89598362,2021-05-25
1621814400,2072.15,2678.25,2100.07,2651.24,860939.09041545,2021-05-24
1621728000,1728.0,2382.0,2296.68,2099.58,1045012.76021567,2021-05-23
1621641600,2156.0,2486.29,2434.86,2297.19,665111.58789821,2021-05-22
1621555200,2105.0,2950.0,2775.06,2434.86,936011.86609611,2021-05-21
1621468800,2156.0,2999.99,2443.91,2775.07,1050830.69730324,2021-05-20
1621382400,1860.0,3444.96,3376.98,2443.91,1664158.9063247,2021-05-19
1621296000,3241.06,3567.4,3283.32,3375.96,443596.42566946,2021-05-18
1621209600,3101.0,3590.0,3584.79,3283.32,681492.46445778,2021-05-17
1621123200,3334.88,3878.23,3648.16,3585.62,496714.18827206,2021-05-16
1621036800,3632.0,4138.0,4080.51,3649.54,332664.12210277,2021-05-15
1620950400,3695.0,4177.77,3719.22,4080.51,344804.82454669,2021-05-14
1620864000,3525.62,4055.62,3826.37,3719.23,812296.19058095,2021-05-13
1620777600,3700.0,4384.43,4179.77,3826.37,617506.79293758,2021-05-12
1620691200,3760.0,4183.25,3949.45,4179.76,371785.21687275,2021-05-11
1620604800,3650.01,4213.85,3928.41,3949.45,591122.82046763,2021-05-10
1620518400,3726.29,3984.0,3917.26,3928.44,303199.06513222,2021-05-09
1620432000,3455.0,3962.44,3484.69,3917.26,329490.02398979,2021-05-08
1620345600,3356.69,3595.07,3492.33,3484.7,305837.39644288,2021-05-07
1620259200,3381.11,3610.91,3529.96,3492.75,368967.13672979,2021-05-06
1620172800,3201.33,3550.0,3239.61,3529.97,466260.19811275,2021-05-05
1620086400,3166.12,3534.5,3433.99,3240.01,713308.42978124,2021-05-04
1620000000,2952.08,3457.75,2952.21,3433.99,552087.28112543,2021-05-03
1619913600,2855.29,2986.0,2948.92,2952.09,158755.45128689,2021-05-02
1619827200,2757.28,2955.9,2776.76,2948.92,219121.32332416,2021-05-01
1619740800,2727.0,2800.0,2758.92,2776.45,203784.33868508,2021-04-30
1619654400,2672.0,2800.0,2751.56,2758.92,289566.94008224,2021-04-29
1619568000,2551.0,2762.59,2667.86,2751.59,388997.91493036,2021-04-28
1619481600,2484.56,2683.0,2533.99,2667.86,276539.98979416,2021-04-27
1619395200,2306.03,2542.04,2322.43,2534.0,310905.02678021,2021-04-26
1619308800,2166.0,2358.22,2216.18,2322.16,253708.11161981,2021-04-25
1619222400,2158.36,2371.18,2369.8,2216.72,220990.83137577,2021-04-24
1619136000,2040.0,2442.29,2399.21,2370.05,644161.18986279,2021-04-23
1619049600,2304.0,2646.2,2357.74,2399.99,584078.8877022,2021-04-22
